{"cameraMode":{"drawMode":0,"name":"Shaded","section":"Shading Mode"},"sceneLighting":true,"audioPlay":false,"sceneViewState":{"showFog":true,"showMaterialUpdate":false,"showSkybox":true,"showFlares":true,"showImageEffects":true,"showParticleSystems":true},"in2DMode":false,"pivot":{"x":3.0941977500915529,"y":3.3396530151367189,"z":0.4112781882286072},"rotation":{"x":-0.16473731398582459,"y":-0.3517240881919861,"z":0.06302578747272492,"w":-0.9193373322486877},"size":12.653203964233399,"orthographic":false}